clip,split,v9_mota,v14_mota,delta
INof_FD_OutFD_Light_FFcam_001,val,0.8384401114206128,0.841225626740947,0.0027855153203342198
INof_LD_IN_LLight_FFcam_001,train,0.7699260476581758,0.7682826622843056,-0.0016433853738702098
INof_LD_IN_Light_FFcam_002,val,0.5017462165308498,0.5215366705471478,0.019790454016297976
INof_LD_OutLD_Light_FFcam_001,train,0.5216666666666667,0.515,-0.00666666666666671
INof_LD_OutLD_Light_FFcam_002,train,0.7124394184168013,0.7253634894991923,0.01292407108239102
INof_LD_Out_Light_FFcam_001,val,0.64,0.6,-0.040000000000000036
INof_LD_Out_Light_FFcam_002,val,0.6764705882352942,0.6764705882352942,0.0
INof_LD_Out_Light_FFcam_004,train,0.5913461538461539,0.6057692307692308,0.014423076923076983
INof_MD_Indoor_Night_OHcam_001,val,0.7291781577495864,0.7253171538885825,-0.0038610038610038533
INof_MD_Indoor_Night_OHcam_002,train,0.6033464566929134,0.6131889763779528,0.009842519685039353
INof_MD_Out_Light_FFcam_001,test,0.7250639386189258,0.7212276214833759,-0.0038363171355498826
INof_MD_Out_Light_FFcam_002,train,0.665907797381901,0.6653386454183268,-0.0005691519635742104
INof_MD_Out_Light_FFcam_003,test,0.7861692447679709,0.7716105550500455,-0.0145586897179254
INof_MD_Out_Light_FFcam_004,val,0.6113989637305699,0.5751295336787565,-0.03626943005181338
MOT17-02,val,0.1882241664696146,0.19389926696618587,0.005675100496571273
MOT17-04,train,0.5633673586420461,0.5533891501318959,-0.009978208510150188
MOT17-05,train,0.29966795794133927,0.3497509684560044,0.05008301051466513
MOT17-09,train,0.5230296827021494,0.5035823950870011,-0.019447287615148356
MOT17-10,val,0.2843881856540085,0.2763713080168776,-0.008016877637130881
MOT17-11,train,0.5022082018927445,0.49085173501577284,-0.011356466876971671
MOT17-13,train,0.10706638115631695,0.1062098501070664,-0.0008565310492505418
MOT20-01,train,0.6605157847932415,0.6511783014673188,-0.009337483325922658
MOT20-02,test,0.6963574960800869,0.6941563140755036,-0.002201182004583302
MOT20-03,train,0.6575295554033531,0.6583633602334653,0.0008338048301121948
MOT20-05,val,0.741917328921316,0.7421275326154764,0.00021020369416036022
PP22_00000,train,0.0,0.0,0.0
PP22_00001,train,0.19695652173913047,0.2282608695652174,0.03130434782608693
PP22_00002,train,0.40340909090909094,0.41666666666666663,0.01325757575757569
PP22_00003,train,0.15471564818085481,0.16937477922995403,0.014659131049099217
PP22_00004,train,0.32156862745098036,0.3081232492997199,-0.013445378151260456
PP22_00005,train,0.5232108317214701,0.5602836879432624,0.03707285622179235
PP22_00006,train,0.1728395061728395,0.16186556927297668,-0.010973936899862813
PP22_00007,train,0.34228428213390616,0.3616183315431436,0.01933404940923744
PP22_00010,train,0.0630949745406243,0.06276289572725258,-0.00033207881337171674
PP22_00012,train,0.1978557504873294,0.2022417153996101,0.004385964912280715
PP22_00014,train,0.4469149527515286,0.44357976653696496,-0.0033351862145636346
PP22_00015,train,0.06681034482758619,0.11907327586206895,0.05226293103448276
PP22_00016,train,0.04061776061776057,0.04895752895752892,0.00833976833976835
PP22_00017,train,0.526374859708193,0.5218855218855218,-0.004489337822671136
PP22_00021,train,0.30528441602154155,0.3046112420060586,-0.0006731740154829469
PP22_00022,train,0.1389473684210526,0.07929824561403509,-0.05964912280701751
PP22_00023,train,0.30749448934606904,0.34827332843497427,0.04077883908890523
PP22_00025,train,0.36759371221281745,0.3417976622329706,-0.025796049979846858
PP22_00026,train,0.23023255813953492,0.21162790697674416,-0.018604651162790753
PP22_00027,train,0.22931628135759963,0.23103787506148554,0.0017215937038859153
PP22_00029,train,0.18060918060918063,0.15401115401115406,-0.02659802659802657
PP22_00032,train,0.6470588235294117,0.6744421906693712,0.02738336713995948
PP22_00033,train,0.17027200685371602,0.18076675947740417,0.010494752623688153
PP22_00034,train,0.7387525562372188,0.7305725971370143,-0.008179959100204526
PP22_00037,train,0.10571736785329022,0.10571736785329022,0.0
PP22_00039,train,0.3371974087964541,0.37401977497442895,0.03682236617797485
PP22_00040,train,0.471395881006865,0.4610983981693364,-0.010297482837528626
PP22_00041,train,0.3143128863528293,0.38183547313361865,0.06752258678078937
PP22_00042,train,0.2683455637091394,0.27276517678452306,0.004419613075383633
PP22_00044,train,0.47089947089947093,0.4841269841269841,0.013227513227513144
PP22_00047,train,0.3432432432432433,0.375945945945946,0.0327027027027027
PP22_00049,train,0.2860829493087558,0.30101382488479267,0.014930875576036895
PP22_00050,train,0.2587611290017049,0.27846182989202506,0.019700700890320166
PP22_00052,train,0.26305609284332687,0.26305609284332687,0.0
PP22_00053,train,0.12265512265512268,0.13323713323713327,0.010582010582010581
PP22_00054,train,0.3494660304476256,0.3844580777096115,0.034992047261985904
PP22_00055,train,0.254675118858954,0.2545166402535658,-0.00015847860538820147
PP22_00058,train,0.43553585817888796,0.4391619661563255,0.003626107977437565
PP22_00059,train,0.1149168528170762,0.13526929759245465,0.020352444775378453
PP22_00060,train,0.22698412698412695,0.22857142857142854,0.0015873015873015817
PP22_00061,train,0.3068623219680622,0.3193785066896849,0.012516184721622747
PP22_00062,train,0.27249022164276404,0.2959582790091264,0.02346805736636237
PP22_00065,train,0.7675411836485662,0.7687614399023794,0.0012202562538132788
PP22_00070,train,0.3521534563879841,0.3076366268548679,-0.0445168295331162
PP22_00072,train,0.47127071823204425,0.48895027624309395,0.0176795580110497
PP22_00073,train,0.43437273386511965,0.4778825235678028,0.043509789702683155
PP22_00074,train,0.6108597285067874,0.5822021116138762,-0.02865761689291113
PP22_00075,train,0.11054421768707479,0.10289115646258506,-0.007653061224489721
PP22_00077,train,0.3544117647058823,0.3647058823529412,0.010294117647058898
PP22_00081,train,0.30404093876830773,0.3100405858478913,0.005999647079583559
PP22_00083,train,0.13186338089061822,0.15247153768554544,0.020608156794927224
PP22_00084,train,0.09471965160587914,0.14915623298856828,0.05443658138268914
PP22_00088,train,0.5524193548387097,0.5637096774193548,0.011290322580645107
PP22_00089,train,0.13752983293556087,0.13156324582338907,-0.005966587112171795
PP22_00091,train,0.23146997929606627,0.2596273291925466,0.028157349896480333
PP22_00093,train,0.05937683715461495,0.10405643738977077,0.044679600235155825
PP22_00094,train,0.12706766917293233,0.12593984962406013,-0.0011278195488721998
PP22_00095,train,0.679144385026738,0.679144385026738,0.0
PP22_00097,train,0.2742424242424243,0.27121212121212124,-0.00303030303030305
PP22_00101,train,0.40951276102088163,0.3700696055684455,-0.03944315545243615
PP22_00103,train,0.787714647919788,0.7834505013253429,-0.004264146594445073
PP22_00104,train,0.6995384989069711,0.6873937333009472,-0.012144765606023844
PP22_00106,train,0.773565441650548,0.7669890393294648,-0.006576402321083141
PP22_00108,train,0.6286247911137324,0.6285592581670435,-6.553294668887322e-05
PP22_00110,train,0.8491318327974277,0.862636655948553,0.013504823151125334
PP22_00111,train,0.7397820163487738,0.7411444141689374,0.0013623978201635634
PP22_00112,train,0.7888175003824385,0.7888939880679211,7.648768548262908e-05
PP22_00115,train,0.8027306967984934,0.795668549905838,-0.007062146892655385
PP22_00116,train,0.8639667705088265,0.8618899273104881,-0.0020768431983384517
PP22_00119,train,0.5401459854014599,0.5240875912408759,-0.016058394160583966
PP22_00120,train,0.3487698986975398,0.23516642547033284,-0.11360347322720699
PP22_00123,train,0.33818589025755874,0.33594624860022393,-0.002239641657334812
PP22_00128,train,0.5696202531645569,0.5879342849447886,0.01831403178023172
PP22_00129,train,0.2740157480314961,0.2692913385826772,-0.0047244094488189115
PP22_00132,train,0.33506831489915423,0.34222511385816523,0.0071567989590110015
PP22_00135,train,0.5698529411764706,0.5857843137254901,0.01593137254901955
PP22_00136,train,0.23757993113625187,0.23757993113625187,0.0
PP22_00137,train,0.33644859813084116,0.33729821580288866,0.0008496176720474979
PP22_00140,train,0.05904522613065322,0.07412060301507539,0.015075376884422176
PP22_00142,train,0.43728813559322033,0.4451977401129944,0.007909604519774072
PP22_00143,train,0.43854748603351956,0.44134078212290506,0.0027932960893854997
PP22_00145,train,0.39288266399885663,0.43833071316278405,0.04544804916392742
PP22_00146,train,0.38091068301225917,0.3698774080560421,-0.011033274956217087
PP22_00148,train,0.30634920634920637,0.2656084656084656,-0.040740740740740744
PP22_00151,train,0.2636471518987342,0.26166930379746833,-0.001977848101265889
PP22_00152,train,0.3443263180733348,0.34584508570188766,0.0015187676285528529
PP22_00154,train,0.5107480653482372,0.5167669819432502,0.006018916595012969
PP22_00155,train,0.4873622812702527,0.5139338950097213,0.02657161373946859
PP22_00156,train,0.35357825440645574,0.32214907623699296,-0.03142917816946278
PP22_00157,train,0.45761381475667195,0.4714809000523287,0.013867085295656723
PP22_00159,train,0.37149532710280375,0.4018691588785047,0.030373831775700966
PP22_00160,train,0.33524191239622103,0.33552819925565414,0.0002862868594331047
PP22_00164,train,0.28648857917150605,0.3356562137049942,0.04916763453348816
PP22_00165,train,0.27040533037201553,0.2629094947251527,-0.007495835646862847
PP22_00168,train,0.4699889867841409,0.47329295154185025,0.0033039647577093323
PP22_00171,train,0.31882202304737517,0.32554417413572345,0.006722151088348283
PP22_00176,train,0.5788842231553689,0.566886622675465,-0.011997600479903947
PP22_00177,train,0.2757853079396487,0.28073212960672767,0.004946821667078938
PP22_00180,train,0.5381692573402418,0.5378238341968912,-0.0003454231433506205
PP22_00181,train,0.326278659611993,0.3353909465020576,0.009112286890064603
PP22_00182,train,0.44015444015444016,0.4471042471042471,0.006949806949806958
PP22_00184,train,0.32592592592592595,0.3429193899782135,0.01699346405228752
PP22_00185,train,0.39603960396039606,0.38465346534653466,-0.011386138613861396
PP22_00186,train,0.7117834394904459,0.714968152866242,0.0031847133757961776
PP22_00187,train,0.5684420109507218,0.573419611747138,0.004977600796416182
PP22_00188,train,0.41677475140510156,0.4353653264159101,0.01859057501080852
PP22_00192,train,0.38894907908992415,0.37811484290357533,-0.010834236186348822
PP22_00194,train,0.7326869806094183,0.7770083102493075,0.04432132963988922
PP22_00195,train,0.36898608349900597,0.39085487077534786,0.021868787276341894
PP22_00196,train,0.004301075268817178,0.004301075268817178,0.0
PP22_00197,train,0.15345303867403315,0.15814917127071826,0.00469613259668511
PP22_00199,train,0.4539512774806892,0.46702317290552586,0.013071895424836666
PP22_00202,train,0.367140890316659,0.3955943093162001,0.028453418999541125
PP22_00203,val,0.19695945945945947,0.21722972972972976,0.020270270270270285
PP22_00204,val,0.3844944997380828,0.4091147197485595,0.0246202200104767
PP22_00206,val,0.38314785373608906,0.415474297827239,0.03232644409114993
PP22_00208,val,0.46115288220551376,0.4778613199665831,0.01670843776106934
PP22_00209,val,0.2939453125,0.294921875,0.0009765625
PP22_00210,val,0.49569495694956944,0.49610496104961055,0.0004100041000411059
PP22_00211,val,0.4452865940312648,0.4651823780198958,0.01989578398863101
PP22_00213,val,0.33852140077821014,0.33754863813229574,-0.0009727626459143934
PP22_00214,val,0.6164791100763161,0.6144095201138274,-0.002069589962488627
PP22_00215,val,0.19377162629757783,0.19838523644752015,0.0046136101499423265
PP22_00216,val,0.4552499031383185,0.4548624564122433,-0.00038744672607515795
PP22_00217,val,0.5612737214538437,0.5802508845287874,0.01897716307494368
PP22_00220,val,0.3422818791946308,0.38022188741268315,0.037940008218052323
PP22_00223,val,0.31983323406789754,0.33531864204883854,0.015485407980941002
PP22_00224,val,0.14835164835164838,0.13003663003663002,-0.01831501831501836
PP22_00225,val,0.25531914893617025,0.24822695035460995,-0.007092198581560294
PP22_00227,val,0.36271374947865975,0.39858195467815927,0.035868205199499514
PP22_00229,val,0.1799282081962309,0.18157343703260542,0.0016452288363745238
PP22_00231,val,0.1255115961800819,0.1284350029234067,0.002923406743324808
PP22_99999,val,0.3192912069541959,0.32597793380140416,0.00668672684720828
UKof_HD_Indoor_Light_OHcam_001,train,0.6945190757657174,0.6969371305749597,0.002418054809242287
UKof_HD_Indoor_Light_OHcam_002,train,0.7481415402914064,0.7731192387749033,0.024977698483496846
UKof_LD_Indoor_Light_FFcam_001,test,1.0,1.0,0.0
UKof_LD_Indoor_Light_FFcam_002,train,0.7091194968553459,0.7091194968553459,0.0
UKof_LD_Indoor_Light_OHcam_001,val,0.8529411764705882,0.9117647058823529,0.05882352941176472
UKof_LD_Indoor_Light_OHcam_002,train,0.55,0.55,0.0
UKof_LD_Indoor_Light_OHcam_003,train,-0.16666666666666674,-0.16666666666666674,0.0
UKof_LD_Indoor_Light_OHcam_004,train,0.3724747474747475,0.31439393939393945,-0.058080808080808066
UKof_LD_Indoor_Light_OHcam_005,train,0.1839080459770115,0.1839080459770115,0.0
UKof_LD_Indoor_Light_OHcam_006,train,0.743006993006993,0.8374125874125874,0.09440559440559437
UKof_LD_Indoor_Light_OHcam_007,train,0.7793103448275862,0.8206896551724138,0.04137931034482756
UKof_LD_Indoor_Light_OHcam_008,val,0.4467099165894347,0.494902687673772,0.04819277108433728
UKof_LD_Indoor_Light_OHcam_009,train,0.5201192250372578,0.5141579731743666,-0.005961251862891204
UKof_LD_Indoor_Light_OHcam_010,val,0.3139700641482538,0.3446186742694227,0.03064861012116893
UKof_LD_Indoor_Light_OHcam_011,train,0.4493554327808471,0.4659300184162063,0.016574585635359185
UKof_MD_Indoor_LLight_OHcam_001,train,0.6008037508372405,0.6336235766912257,0.03281982585398524
UKof_MD_Indoor_Light_FFcam_001,val,0.9054325955734407,0.9134808853118712,0.008048289738430525
UKof_MD_Indoor_Light_OHcam_001,train,0.5075891281327215,0.5517119661136605,0.04412283798093897
